<content xml:space="preserve">

  <!-- note text -->
  <item id="notDocumentedText">This API is not documented.</item>
  <item id="preliminaryText">This API is preliminary and subject to change.</item>
	<!-- topic titles -->
  <item id="rootTopicTitle">Namespaces</item>
	<item id="namespaceTopicTitle">{0} Namespace</item>
	<item id="classTopicTitle">{0} Class</item>
	<item id="structureTopicTitle">{0} Structure</item>
	<item id="interfaceTopicTitle">{0} Interface</item>
  
	<item id="delegateTopicTitle">{0} Delegate</item>
	<item id="enumerationTopicTitle">{0} Enumeration</item>
	<item id="fieldTopicTitle">{0} Field</item>
	<item id="methodTopicTitle">{0} Method {1}</item>
	<item id="constructorTopicTitle">{0} Constructor {1}</item>
	<item id="propertyTopicTitle">{0} Property {1}</item>
	<item id="eventTopicTitle">{0} Event</item>
	<item id="operatorTopicTitle">{0} Operator</item>
	<item id="attachedPropertyTopicTitle">{0} Attached Property</item>
	<item id="attachedEventTopicTitle">{0} Attached Event</item>


	<!-- member titles -->
	<item id="enumMembersTitle">Members</item>

	<!-- index entries -->
	<item id="rootIndexEntry">namespaces</item>
	<item id="namespaceIndexEntry">{0} namespace</item>
	<item id="classIndexEntry">{0} class</item>
	<item id="structureIndexEntry">{0} structure</item>
	<item id="interfaceIndexEntry">{0} interface</item>
	<item id="delegateIndexEntry">{0} delegate</item>
	<item id="enumerationIndexEntry">{0} enumeration</item>
	<item id="fieldIndexEntry">{0} field</item>
	<item id="methodIndexEntry">{0} method</item>
	<item id="constructorIndexEntry">{0} constructor</item>
	<item id="propertyIndexEntry">{0} property</item>
	<item id="eventIndexEntry">{0} event</item>
	<item id="operatorIndexEntry">{0} operator</item>
	<item id="attachedPropertyIndexEntry">{0} attached property</item>
	<item id="attachedEventIndexEntry">{0} attached event</item>

	<!-- main window stuff -->

	<!-- body -->

	<!-- section titles -->
	<item id="syntaxTitle">Syntax</item>
	<item id="templatesTitle">Generic Template Parameters</item>
	<item id="parametersTitle">Parameters</item>
	<item id="valueTitle">Value</item>
	<item id="delegateValueTitle">Return Value</item>
	<item id="methodValueTitle">Return Value</item>
	<item id="propertyValueTitle">Value</item>
	<item id="fieldValueTitle">Value</item>
	<item id="remarksTitle">Remarks</item>
	<item id="examplesTitle">Examples</item>
	<item id="threadSafetyTitle">Thread Safety</item>
	<item id="notesForImplementersTitle">Notes For Implementers</item>
	<item id="notesForInheritersTitle">Notes For Inheriters</item>
	<item id="exceptionsTitle">Exceptions</item>
	<item id="permissionsTitle">Permissions</item>
	<item id="namespacesTitle">Namespaces</item>
	<item id="typesTitle">Types</item>
	<item id="membersTitle">Members</item>
	<item id="familyTitle">Inheritance Hierarchy</item>
        <item id="relatedTitle">See Also</item>

	<!-- table headers -->
	<item id="namespaceNameHeader">Namespace</item>
	<item id="namespaceDescriptionHeader">Description</item>
	<item id="typeIconHeader">Icon</item>
	<item id="typeNameHeader">Type</item>
	<item id="typeDescriptionHeader">Description</item>
	<item id="memberIconHeader">Icon</item>
	<item id="memberNameHeader">Member</item>
	<item id="memberDescriptionHeader">Description</item>
	<item id="exceptionNameHeader">Exception</item>
	<item id="exceptionConditionHeader">Condition</item>
	<item id="permissionNameHeader">Permission</item>
	<item id="permissionDescriptionHeader">Description</item>

	<!-- filter control text -->
	<item id="allTypesFilterLabel">All Types</item>
	<item id="classTypesFilterLabel">Classes</item>
	<item id="structureTypesFilterLabel">Structures</item>
	<item id="interfaceTypesFilterLabel">Interfaces</item>
	<item id="delegateTypesFilterLabel">Delegates</item>
	<item id="enumerationTypesFilterLabel">Enumerations</item>
	<item id="allMembersFilterLabel">All Members</item>
	<item id="constructorMembersFilterLabel">Constructors</item>
	<item id="methodMembersFilterLabel">Methods</item>
	<item id="propertyMembersFilterLabel">Properties</item>
	<item id="fieldMembersFilterLabel">Fields</item>
	<item id="eventMembersFilterLabel">Events</item>
	<item id="publicMembersFilterLabel">Public</item>
	<item id="protectedMembersFilterLabel">Protected</item>
	<item id="instanceMembersFilterLabel">Instance</item>
	<item id="staticMembersFilterLabel">Static</item>
	<item id="declaredMembersFilterLabel">Declared</item>
	<item id="inheritedMembersFilterLabel">Inherited</item>
  
  <!-- member list stuff -->
  <item id="Constructors">Constructors</item>
  <item id="protectedConstructors">Protected Constructors</item>
  <item id="Methods">Methods</item>
  <item id="protectedMethods">Protected Methods</item>
  <item id="Fields">Fields</item>
  <item id="protectedFields">Protected Fields</item>
  <item id="Properties">Properties</item>
  <item id="protectedProperties">Protected Properties</item>
  <item id="Events">Events</item>
  <item id="protectedEvents">Protected Events</item>
	
  <!-- Thread Safety -->
  <item id="ThreadSafety">Thread Safety</item>
  <item id="ThreadSafetyBP">Any public static (<b>Shared</b> in Visual Basic) members of this type are thread safe. Any instance members are not guaranteed to be thread safe.</item>
  
  <item id="Platforms">Platforms</item>
  <!-- Platforms Information --> 
  <item id="developmentPlatformsLayout">
	  <p>The .NET Framework 3.0 is supported on Windows Vista, Microsoft Windows XP SP2, and Windows Server 2003 SP1.</p>
  </item>

	<!-- inserted boilerplate -->
	<item id="productTitle">Urakawa Toolkit</item>
	<item id="rootLink"><referenceLink target="R:Project">Namespaces</referenceLink></item>
	<item id="obsoleteShort"><span class="obsolete">Obsolete.</span></item>
	<item id="obsoleteLong"><span class="obsolete">This API is obsolete.</span></item>
	<item id="nonobsoleteAlternative">A non-obsolete alternative is {0}.</item>
	<item id="inheritedFrom">(Inherited from {0}.)</item>
	<item id="overridesMember">(Overrides {0}.)</item>
	<item id="locationInformation">Assembly: {0} (Module: {1})</item>
  <!-- thread safety boilerplate -->
  <item id="staticThreadSafe">Static members of this type are safe for multi-threaded operations. </item>
  <item id="staticNotThreadSafe">Static members of this type are not safe for multi-threaded operations. </item>
  <item id="instanceThreadSafe">Instance members of this type are safe for multi-threaded operations. </item>
  <item id="instanceNotThreadSafe">Instance members of this type are not safe for multi-threaded operations. </item>

	<!-- alt text for images -->
	<item id="publicClassAltText">public class</item>
	<item id="publicStructureAltText">public structure</item>
	<item id="publicInterfaceAltText">public interface</item>
	<item id="publicDelegateAltText">public delegate</item>
	<item id="publicEnumerationAltText">public enumeration</item>
	<item id="publicConstructorAltText">public constructor</item>
	<item id="publicMethodAltText">public method</item>
	<item id="publicFieldAltText">public field</item>
	<item id="publicPropertyAltText">public property</item>
	<item id="publicEventAltText">public event</item>
	<item id="protectedConstructorAltText">protected constructor</item>
	<item id="protectedMethodAltText">protected method</item>
	<item id="protectedFieldAltText">protected field</item>
	<item id="protectedPropertyAltText">protected property</item>
	<item id="protectedEventAltText">protected event</item>
	<item id="staticAltText">static member</item>
  <!-- language filter -->
  <item id="languageFilter">Language Filter: {0}</item>
  <item id="all">All</item>
  <item id="multiple">Multiple</item>
  <item id="VisualBasic">Visual Basic</item>
  <item id="VBScript">Visual Basic Script</item>
  <item id="CSharp">C#</item>
  <item id="ManagedCPlusPlus">C++</item>
  <item id="JSharp">J#</item>
  <item id="JScript">JScript</item>
  <item id="xml">Xml</item>
  <item id="html">Html</item>
  <item id="visualbasicANDcsharp"><include item="VisualBasic" /> and <include item="CSharp" /></item>
  <item id="other"></item>
  <item id="XAML">XAML</item>
  <item id="usage">Usage</item>

  <item id="VisualBasicDeclaration"><include item="VisualBasic" /> (Declaration)</item>
  <item id="VisualBasicUsage"><include item="VisualBasic" /> (<include item="usage" />)</item>
  <!-- labels for links at the top of the All Members topic -->
  <item id="constructorGroup">Constructors</item>
  <item id="methodGroup">Methods</item>
  <item id="propertyGroup">Properties</item>
  <item id="eventGroup">Events</item>
  <item id="fieldGroup">Fields</item>
  <item id="operatorGroup">Operators</item>
  <item id="attachedPropertyGroup">Attached Properties</item>
  <item id="attachedEventGroup">Attached Events</item>

  <item id="collapseAll">Collapse All</item>
  <item id="expandAll">Expand All</item>

  <item id="runningHeaderText"></item>
  <item id="Example">Example</item>
  <item id="SeeAlso">See Also</item>
  <item id="SeeAlsoTasks">Tasks</item>
  <item id="SeeAlsoReference">Reference</item>
  <item id="SeeAlsoConcepts">Concepts</item>
  <item id="SeeAlsoOtherResources">Other Resources</item>
  <item id="SeeAlsoTypeMembersLink">{0} Members</item>

  <item id="membersOptionsShowAll">Members Options: Show All</item>
  <item id="membersOptionsFiltered">Members Options: Filtered</item>
  <item id="includeInheritedMembers">Include Inherited Members</item>
  <item id="includeProtectedMembers">Include Protected Members</item>
  <item id="netcfMembersOnly">.NET Compact Framework Members Only</item>
  
  <item id="requirementsNamespaceLayout">
    <b>Namespace:</b> {0}
  </item>

  <item id="requirementsPlatformsLayout">
    <b>Platforms:</b> {0}
  </item>

  <item id="requirementsAssembliesLabel">
    <b>Assemblies:</b>
  </item>

  <item id="requirementsAssemblyLabel">
    <b>Assembly:</b>
  </item>

  <item id="assemblyNameAndModule">
    {0} ({1})
  </item>

  <item id="requirementsAssemblyLayout">
    <b>Assembly:</b> {0} ({1})
  </item>
  
  <item id="ReturnValue">Return Value</item>
  <item id="PropertyValue">Property Value</item>
  <item id="FieldValue">Field Value</item>
  
  

</content>