<content xml:space="preserve">

	<!-- paths -->
	<item id="iconPath">../icons/{0}</item>
	<item id="scriptPath">../scripts/{0}</item>
	<item id="artPath">../art/{0}</item>
	<item id="stylePath">../styles/{0}</item>

	<!-- locale -->
	<item id="locale">en-us</item>

	<!-- header -->
	<item id="header"></item>

	<!-- alert titles -->
	<item id="cautionTitle"><b>Caution:</b></item>
	<item id="securityTitle"><b>Security Note:</b></item>
	<item id="noteTitle"><b>Note:</b></item>

	<!-- code labels -->
	<item id="CSharpLabel">C#</item>
	<item id="VisualBasicLabel">Visual Basic</item>
	<item id="ManagedCPlusPlusLabel">Managed C++</item>
	<item id="JSharpLabel">J#</item>
	<item id="JScriptLabel">JScript</item>

	<!-- product labels -->
	<item id="framework">.NET Framework</item>
	<item id="compact">.NET Compact Framework</item>
	<item id="everett">1.1</item>
	<item id="whidbey">2.0</item>
	
	<!-- topic titles -->
	<item id="membersTopicTitle">Members</item>
	<item id="methodsTopicTitle">Methods</item>
	<item id="eventsTopicTitle">Events</item>
	<item id="propertiesTopicTitle">Properties</item>
	<item id="fieldsTopicTitle">Properties</item>
	<item id="constructorsTopicTitle">Constructors</item>
	<item id="DerivedTypeListTopicTitle">Derived Type List</item>
	
	<!-- accessor labels -->
	<item id="Protectedmethod">Protected methods</item>
	<item id="Publicmethod">Public methods</item>
	<item id="Privatemethod">private method</item>
	<item id="Internalmethod">internal method</item>
	<item id="Protectedproperty">protected property</item>
	<item id="Publicproperty">public property</item>
	<item id="Privateproperty">private property</item>
	<item id="Internalproperty">internal property</item>
	<item id="Protectedfield">protected property</item>
	<item id="Publicfield">public field</item>
	<item id="Privatefield">private field</item>
	<item id="Internalfield">internal field</item>
	<item id="Protectedevent">protected event</item>
	<item id="Publicevent">public event</item>
	<item id="Privateevent">private event</item>
	<item id="Internalevent">internal event</item>
	<item id="Protectedconstructor">protected constructor</item>
	<item id="Publicconstructor">public constructor</item>
	<item id="Privateconstructor">private constructor</item>
	<item id="Internalconstructor">internal constructor</item>
	
	<item id="derivedClasses">derived classes</item>
	
	<!-- footer -->	
	    
	<item id="footer">
	</item>

</content>