<?xml version="1.0"?>
<doc>
    <assembly>
        <name>urakawa.examples</name>
    </assembly>
    <members>
        <member name="T:urakawa.examples.ExampleCustomTreeNodeFactory">
            <summary>
            Subclass of <see cref="T:urakawa.core.TreeNodeFactory"/> that is capable of creating <see cref="T:urakawa.examples.ExampleCustomTreeNode"/>s
            as well as <see cref="T:urakawa.core.TreeNode"/>s
            </summary>
        </member>
        <member name="M:urakawa.examples.ExampleCustomTreeNodeFactory.#ctor">
            <summary>
            Default constructor
            </summary>
        </member>
        <member name="M:urakawa.examples.ExampleCustomTreeNodeFactory.createNode(System.String,System.String)">
            <summary>
            Creates a new <see cref="T:urakawa.core.TreeNode"/> or subclass instance of <see cref="T:System.Type"/> matching a given QName
            </summary>
            <param name="localName">The local localName part of the QName</param>
            <param name="namespaceUri">The namespace uri part of the QName</param>
            <returns>The created <see cref="T:urakawa.core.TreeNode"/> or subclass instance</returns>
        </member>
        <member name="T:urakawa.examples.ExampleCustomTreeNode">
            <summary>
            Example implementation of a custon <see cref="T:urakawa.core.TreeNode"/>
            </summary>
        </member>
        <member name="M:urakawa.examples.ExampleCustomTreeNode.ToString">
            <summary>
            Override for default <see cref="M:System.Object.ToString"/> method. 
            Appends the value of <see cref="P:urakawa.examples.ExampleCustomTreeNode.Label"/> to the default implementation output
            </summary>
            <returns>The string representation of <c>this</c> including the <see cref="P:urakawa.examples.ExampleCustomTreeNode.Label"/> value</returns>
        </member>
        <member name="M:urakawa.examples.ExampleCustomTreeNode.copyProtected(System.Boolean,System.Boolean)">
            <summary>
            Copies the <see cref="T:urakawa.examples.ExampleCustomTreeNode"/>
            </summary>
            <param name="deep">If	true,	then include the node's	entire subtree.	 
            Otherwise, just	copy the node	itself.</param>
            <param name="inclProperties">If true, then include property of the node,
            if false just copy the node itself.</param>
            <returns>A <see cref="T:urakawa.examples.ExampleCustomTreeNode"/>	containing the copied	data.</returns>
            <exception cref="T:urakawa.exception.FactoryCannotCreateTypeException">
            Thrown when the <see cref="T:urakawa.core.TreeNodeFactory"/> of the <see cref="T:urakawa.Presentation"/> to which the instance belongs
            can not create an <see cref="T:urakawa.examples.ExampleCustomTreeNode"/> instance
            </exception>
        </member>
        <member name="M:urakawa.examples.ExampleCustomTreeNode.copy(System.Boolean,System.Boolean)">
            <summary>
            Creates a copy of <c>this</c>
            </summary>
            <param name="deep">A <see cref="T:System.Boolean"/> indicating if children are copied</param>
            <param name="inclProperties">A <see cref="T:System.Boolean"/> indicating if property are copied</param>
            <returns>The copy</returns>
        </member>
        <member name="M:urakawa.examples.ExampleCustomTreeNode.copy(System.Boolean)">
            <summary>
            Creates a copy of <c>this</c> including property
            </summary>
            <param name="deep">A <see cref="T:System.Boolean"/> indicating if children are copied</param>
            <returns>The copy</returns>
        </member>
        <member name="M:urakawa.examples.ExampleCustomTreeNode.copy">
            <summary>
            Creates a deep copy of <c>this</c> including property
            </summary>
            <returns>The copy</returns>
        </member>
        <member name="M:urakawa.examples.ExampleCustomTreeNode.export(urakawa.Presentation)">
            <summary>
            Creates a new ExampleCustomTreeNode with identical content (recursively) as this node,
            but compatible with the given Presentation (factories, managers,
            channels, etc.). 
            </summary>
            <param name="destPres">The destination Presentation to which this node (and all its content, recursively) should be exported.</param>
            <returns>The exported node</returns>
            <exception cref="T:urakawa.exception.MethodParameterIsNullException">Thrown when <paramref name="destPres"/> is null</exception>
            <exception cref="T:urakawa.exception.FactoryCannotCreateTypeException">
            Thrown when the facotries of <paramref name="destPres"/> can not create a node in the sub-tree beginning at <c>this</c>
            or a property associated object for one of the nodes in the sub-tree
            </exception>
        </member>
        <member name="M:urakawa.examples.ExampleCustomTreeNode.exportProtected(urakawa.Presentation)">
            <summary>
            Creates a new TreeNode with identical content (recursively) as this node,
            but compatible with the given Presentation (factories, managers,
            channels, etc.). 
            </summary>
            <param name="destPres">The destination Presentation to which this node (and all its content, recursively) should be exported.</param>
            <returns>The exported node</returns>
            <exception cref="T:urakawa.exception.MethodParameterIsNullException">Thrown when <paramref name="destPres"/> is null</exception>
            <exception cref="T:urakawa.exception.FactoryCannotCreateTypeException">
            Thrown when the facotries of <paramref name="destPres"/> can not create a node in the sub-tree beginning at <c>this</c>
            or a property associated object for one of the nodes in the sub-tree
            </exception>
        </member>
        <member name="M:urakawa.examples.ExampleCustomTreeNode.xukInAttributes(System.Xml.XmlReader)">
            <summary>
            Reads the attributes of a ExampleCustomTreeNode xml element
            </summary>
            <param name="source">The source <see cref="T:System.Xml.XmlReader"/></param>
            <returns>A <see cref="T:System.Boolean"/> indicating if the attributes were succesfully read</returns>
        </member>
        <member name="M:urakawa.examples.ExampleCustomTreeNode.xukOutAttributes(System.Xml.XmlWriter,System.Uri)">
            <summary>
            Writes the attributes of a ExampleCustomTreeNode xml element
            </summary>
            <param name="wr">The destination <see cref="T:System.Xml.XmlWriter"/></param>
            <param name="baseUri">
            The base <see cref="T:System.Uri"/> used to make written <see cref="T:System.Uri"/>s relative, 
            if <c>null</c> absolute <see cref="T:System.Uri"/>s are written
            </param>
        </member>
        <member name="M:urakawa.examples.ExampleCustomTreeNode.getXukNamespaceUri">
            <summary>
            Returns the namespace uri of the QName rpresenting a <see cref="T:urakawa.examples.ExampleCustomTreeNode"/> in Xuk
            </summary>
        </member>
        <member name="P:urakawa.examples.ExampleCustomTreeNode.CustomTreeNodeData">
            <summary>
            A piece of data to decern the <see cref="T:urakawa.examples.ExampleCustomTreeNode"/> from a standard <see cref="T:urakawa.core.TreeNode"/>
            </summary>
        </member>
        <member name="P:urakawa.examples.ExampleCustomTreeNode.Label">
            <summary>
            Gets or sets the label of <c>this</c>
            </summary>
        </member>
        <member name="T:urakawa.examples.ExampleCustomPropertyFactory">
            <summary>
            Custom <see cref="T:urakawa.property.IGenericPropertyFactory"/> that constructs <see cref="T:urakawa.examples.ExampleCustomProperty"/>s
            in addition to the standard <see cref="T:urakawa.property.Property"/>s <see cref="T:urakawa.property.xml.XmlProperty"/> and <see cref="T:urakawa.property.channel.ChannelsProperty"/>
            </summary>
        </member>
        <member name="M:urakawa.examples.ExampleCustomPropertyFactory.#ctor">
            <summary>
            Default constructor
            </summary>
        </member>
        <member name="M:urakawa.examples.ExampleCustomPropertyFactory.createProperty(System.String,System.String)">
            <summary>
            Creates a <see cref="T:urakawa.property.Property"/> matching a given QName
            </summary>
            <param name="localName">The local part of the QName</param>
            <param name="namespaceUri">The namespace uri part of the QName</param>
            <returns>The created <see cref="T:urakawa.property.Property"/> or <c>null</c> if the given QName is not supported</returns>
        </member>
        <member name="T:urakawa.examples.ExampleCustomDataModelFactory">
            <summary>
            A <see cref="T:urakawa.DataModelFactory"/> for the example custom data model, including the ability to create:
            <list>
            <item><see cref="T:urakawa.examples.ExampleCustomTreeNodeFactory"/></item>
            <item><see cref="T:urakawa.examples.ExampleCustomPropertyFactory"/></item>
            </list>
            </summary>
        </member>
        <member name="F:urakawa.examples.ExampleCustomDataModelFactory.EX_CUST_NS">
            <summary>
            Namespace uri for <see cref="T:urakawa.examples.ExampleCustomTreeNode"/> and <see cref="T:urakawa.examples.ExampleCustomProperty"/> XUK nodes
            </summary>
        </member>
        <member name="M:urakawa.examples.ExampleCustomDataModelFactory.createPropertyFactory">
            <summary>
            Creates a <see cref="T:urakawa.examples.ExampleCustomPropertyFactory"/> 
            </summary>
            <returns>The <see cref="T:urakawa.examples.ExampleCustomPropertyFactory"/></returns>
        </member>
        <member name="M:urakawa.examples.ExampleCustomDataModelFactory.createPropertyFactory(System.String,System.String)">
            <summary>
            Creates a <see cref="T:urakawa.property.PropertyFactory"/> of type matching a given Xuk QName
            </summary>
            <param name="localName">The local name part of the given Xuk QName</param>
            <param name="namespaceUri">The namespace uri part of the given Xuk QName</param>
            <returns>The created <see cref="T:urakawa.property.PropertyFactory"/></returns>
        </member>
        <member name="M:urakawa.examples.ExampleCustomDataModelFactory.createTreeNodeFactory">
            <summary>
            Creates a <see cref="T:urakawa.examples.ExampleCustomTreeNodeFactory"/>
            </summary>
            <returns>The <see cref="T:urakawa.examples.ExampleCustomTreeNodeFactory"/></returns>
        </member>
        <member name="M:urakawa.examples.ExampleCustomDataModelFactory.createTreeNodeFactory(System.String,System.String)">
            <summary>
            Creates a <see cref="T:urakawa.core.TreeNodeFactory"/> of type matching a given Xuk QName
            </summary>
            <param name="localName">The local name part of the given Xuk QName</param>
            <param name="namespaceUri">The namespace uri part of the given Xuk QName</param>
            <returns>The created <see cref="T:urakawa.core.TreeNodeFactory"/></returns>
        </member>
        <member name="T:urakawa.examples.CollectMediaFromChannelTreeNodeVisitor">
            <summary>
            Example visitor that collects all <see cref="T:urakawa.media.IMedia"/> in a given channel
            </summary>
            <example>
            Thre following example will 
            <code>
            using urakawa.core;
            using urakawa.examples;
            using urakawa.project;
            
            public class Program
            {
            	[STAThread]
            	static void Main(string[] args)
            	{
            		Project proj = new Project();
            		proj.openXUK(new Uri(System.IO.Path.Combine(
            				System.IO.Directory.GetCurrentDirectory(),
            				args[0])));
            		foreach (Channel ch in proj.getPresentation().getChannelsManager().getListOfChannels())
            		{
            			CollectMediaFromChannelTreeNodeVisitor visitor = new CollectMediaFromChannelTreeNodeVisitor(ch);
            			proj.getPresentation().getRootNode().acceptDepthFirst(visitor);
            			Console.WriteLine(
            					"Channel {0} contains {1:0} media objects",
            					ch.getLocalName(), visitor.CollectedMedia.Length);
            		}
            	}
            }
            </code>
            </example>
        </member>
        <member name="F:urakawa.examples.CollectMediaFromChannelTreeNodeVisitor.VisitCount">
            <summary>
            An integer that indicates the number of <see cref="T:urakawa.core.TreeNode"/>s visited
            </summary>
        </member>
        <member name="M:urakawa.examples.CollectMediaFromChannelTreeNodeVisitor.#ctor(urakawa.property.channel.Channel)">
            <summary>
            Constructor setting the <see cref="T:urakawa.property.channel.Channel"/> from which media is collected
            </summary>
            <param name="ch"></param>
        </member>
        <member name="M:urakawa.examples.CollectMediaFromChannelTreeNodeVisitor.preVisit(urakawa.core.TreeNode)">
            <summary>
            Pre-visit action:
            If <see cref="T:urakawa.media.IMedia"/> is present in <see cref="T:urakawa.property.channel.Channel"/> <see cref="P:urakawa.examples.CollectMediaFromChannelTreeNodeVisitor.CollectorChannel"/>,
            this is added to <see cref="P:urakawa.examples.CollectMediaFromChannelTreeNodeVisitor.CollectedMedia"/> and the child <see cref="T:urakawa.core.TreeNode"/>s are not visited
            </summary>
            <param name="node">The <see cref="T:urakawa.core.TreeNode"/> to visit</param>
            <returns>
            <c>true</c> is no <see cref="T:urakawa.media.IMedia"/> is present in <see cref="T:urakawa.property.channel.Channel"/> <see cref="P:urakawa.examples.CollectMediaFromChannelTreeNodeVisitor.CollectorChannel"/>,
            <c>false</c> else
            </returns>
        </member>
        <member name="M:urakawa.examples.CollectMediaFromChannelTreeNodeVisitor.postVisit(urakawa.core.TreeNode)">
            <summary>
            Post-visit action: Nothing is done here
            </summary>
            <param name="node">The <see cref="T:urakawa.core.TreeNode"/> to visit</param>
        </member>
        <member name="P:urakawa.examples.CollectMediaFromChannelTreeNodeVisitor.CollectedMedia">
            <summary>
            Gets an array of the collected <see cref="T:urakawa.media.IMedia"/>
            </summary>
        </member>
        <member name="P:urakawa.examples.CollectMediaFromChannelTreeNodeVisitor.CollectorChannel">
            <summary>
            Gets the <see cref="T:urakawa.property.channel.Channel"/> from which <see cref="T:urakawa.media.IMedia"/> is collected
            </summary>
        </member>
        <member name="T:urakawa.examples.ExampleCustomProperty">
            <summary>
            Example implementation of a custom <see cref="T:urakawa.property.Property"/>
            </summary>
        </member>
        <member name="F:urakawa.examples.ExampleCustomProperty.CustomData">
            <summary>
            The data of the custom property
            </summary>
        </member>
        <member name="M:urakawa.examples.ExampleCustomProperty.copy">
            <summary>
            Creates a copy of the <see cref="T:urakawa.examples.ExampleCustomProperty"/>
            </summary>
            <returns>The copy</returns>
        </member>
        <member name="M:urakawa.examples.ExampleCustomProperty.copyProtected">
            <summary>
            Protected version of <see cref="M:urakawa.examples.ExampleCustomProperty.copy"/> - in place as part of a technicality to have <see cref="M:urakawa.examples.ExampleCustomProperty.copy"/>
            return <see cref="T:urakawa.examples.ExampleCustomProperty"/> instead of <see cref="T:urakawa.property.xml.XmlProperty"/>
            </summary>
            <returns>The copy</returns>
        </member>
        <member name="M:urakawa.examples.ExampleCustomProperty.export(urakawa.Presentation)">
            <summary>
            Exports the <see cref="T:urakawa.examples.ExampleCustomProperty"/> to a destination <see cref="T:urakawa.Presentation"/>
            </summary>
            <param name="destPres">The destination presentation</param>
            <returns>The exported <see cref="T:urakawa.examples.ExampleCustomProperty"/></returns>
        </member>
        <member name="M:urakawa.examples.ExampleCustomProperty.exportProtected(urakawa.Presentation)">
            <summary>
            Protected version of <see cref="M:urakawa.examples.ExampleCustomProperty.export(urakawa.Presentation)"/> - in place as part of a technicality to have <see cref="M:urakawa.examples.ExampleCustomProperty.export(urakawa.Presentation)"/>
            return <see cref="T:urakawa.examples.ExampleCustomProperty"/> instead of <see cref="T:urakawa.property.xml.XmlProperty"/>
            </summary>
            <returns>The export</returns>
        </member>
        <member name="M:urakawa.examples.ExampleCustomProperty.xukInAttributes(System.Xml.XmlReader)">
            <summary>
            Reads data from the attributes of the ExampleCustomProperty element
            </summary>
            <param name="source">The source xml reader</param>
        </member>
        <member name="M:urakawa.examples.ExampleCustomProperty.xukOutAttributes(System.Xml.XmlWriter,System.Uri)">
            <summary>
            Writes data to attributes of the ExampleCustomProperty element
            </summary>
            <param name="destination">The destination xml writer</param>
            <param name="baseUri">
            The base <see cref="T:System.Uri"/> used to make written <see cref="T:System.Uri"/>s relative, 
            if <c>null</c> absolute <see cref="T:System.Uri"/>s are written
            </param>
        </member>
        <member name="M:urakawa.examples.ExampleCustomProperty.getXukNamespaceUri">
            <summary>
            Gets the namespace uri part of the QName representing a <see cref="T:urakawa.examples.ExampleCustomProperty"/> in Xuk
            </summary>
            <returns>The namespace uri part</returns>
        </member>
        <member name="M:urakawa.examples.ExampleCustomProperty.valueEquals(urakawa.property.Property)">
            <summary>
            Comapres <c>this</c> with a given other <see cref="T:urakawa.property.Property"/> for equality
            </summary>
            <param name="other">The other <see cref="T:urakawa.property.Property"/></param>
            <returns><c>true</c> if equal, otherwise <c>false</c></returns>
        </member>
        <member name="T:urakawa.examples.DetectMediaTreeNodeVisitor">
            <summary>
            <see cref="T:urakawa.core.visitor.ITreeNodeVisitor"/> for detecting <see cref="T:urakawa.media.IMedia"/> in a <see cref="T:urakawa.property.channel.Channel"/>
            </summary>
        </member>
        <member name="M:urakawa.examples.DetectMediaTreeNodeVisitor.reset">
            <summary>
            Resets the visitor so that it can be re-used
            </summary>
        </member>
        <member name="M:urakawa.examples.DetectMediaTreeNodeVisitor.hasFoundMedia">
            <summary>
            Determines is the <see cref="T:urakawa.examples.DetectMediaTreeNodeVisitor"/> has detected
            </summary>
            <returns>
            A <see cref="T:System.Boolean"/> indicating if the <see cref="T:urakawa.examples.DetectMediaTreeNodeVisitor"/>
            has dected any media in <see cref="T:urakawa.property.channel.Channel"/> <see cref="M:urakawa.examples.DetectMediaTreeNodeVisitor.getChannelFromWhichMediaIsDetected"/>()
            </returns>
        </member>
        <member name="M:urakawa.examples.DetectMediaTreeNodeVisitor.getChannelFromWhichMediaIsDetected">
            <summary>
            Gets the <see cref="T:urakawa.property.channel.Channel"/> in which <see cref="T:urakawa.media.IMedia"/> is detected
            </summary>
            <returns>The <see cref="T:urakawa.property.channel.Channel"/></returns>
        </member>
        <member name="M:urakawa.examples.DetectMediaTreeNodeVisitor.#ctor(urakawa.property.channel.Channel)">
            <summary>
            Constructor setting the <see cref="T:urakawa.property.channel.Channel"/> in which the <see cref="T:urakawa.examples.DetectMediaTreeNodeVisitor"/> 
            detects <see cref="T:urakawa.media.IMedia"/>
            </summary>
            <param name="channelInWhichToDetect">The <see cref="T:urakawa.property.channel.Channel"/></param>
        </member>
        <member name="M:urakawa.examples.DetectMediaTreeNodeVisitor.preVisit(urakawa.core.TreeNode)">
            <summary>
            Called before visiting children in in depth first traversal.
            If there is a <see cref="T:urakawa.media.IMedia"/> associated with <paramref localName="node"/>
            via a <see cref="T:urakawa.property.channel.ChannelsProperty"/>, the <see cref="T:urakawa.examples.DetectMediaTreeNodeVisitor"/>
            is flagged as having found a <see cref="T:urakawa.media.IMedia"/> in the given channel 
            and the traversal is ended
            </summary>
            <param name="node">The <see cref="T:urakawa.core.TreeNode"/> to visit</param>
            <returns>A <see cref="T:System.Boolean"/> indicating if the traversal should 
            continue after the current visit</returns>
        </member>
        <member name="M:urakawa.examples.DetectMediaTreeNodeVisitor.postVisit(urakawa.core.TreeNode)">
            <summary>
            Called after visiting the children in depth first traversal 
            - does nothing in the present visitor
            </summary>
            <param name="node">The <see cref="T:urakawa.core.TreeNode"/> being visited</param>
        </member>
    </members>
</doc>
