﻿<?xml version="1.0"?>
<Presentation>
 <mChannels>
  <Channel id="audioChannel" />
  <Channel id="textChannel" />
 </mChannels>
 <mRoot>
  <Node>
   <mProperties>
    <StructureProperty mType="element" mName="book">
     <mAttributes>
      <Attribute mName="lang" mValue="en" />
      <Attribute mName="id" mValue="ngfa00001" />
     </mAttributes>
    </StructureProperty>
    <ChannelProperty>
     <mMediaObjects />
    </ChannelProperty>
   </mProperties>
   <mChildren>
    <Node>
     <mProperties>
      <StructureProperty mType="element" mName="frontmatter">
       <mAttributes>
        <Attribute mName="id" mValue="ngfa00002" />
       </mAttributes>
      </StructureProperty>
      <ChannelProperty>
       <mMediaObjects />
      </ChannelProperty>
     </mProperties>
     <mChildren>
      <Node>
       <mProperties>
        <StructureProperty mType="element" mName="doctitle">
         <mAttributes>
          <Attribute mName="id" mValue="ngfa00003" />
         </mAttributes>
        </StructureProperty>
        <ChannelProperty>
         <mMediaObjects>
          <mMediaObject for="textChannel">
           <TextObject mValue="Sample DTB 2" />
          </mMediaObject>
          <mMediaObject for="audioChannel">
           <AudioObject src="aud000000.mp3" clipBegin="00:00:00.000" clipEnd="00:00:01.906" id="SMIL0000001aud" />
          </mMediaObject>
         </mMediaObjects>
        </ChannelProperty>
       </mProperties>
      </Node>
     </mChildren>
    </Node>
    <Node>
     <mProperties>
      <StructureProperty mType="element" mName="bodymatter">
       <mAttributes>
        <Attribute mName="id" mValue="ngfa00004" />
       </mAttributes>
      </StructureProperty>
      <ChannelProperty>
       <mMediaObjects />
      </ChannelProperty>
     </mProperties>
     <mChildren>
      <Node>
       <mProperties>
        <StructureProperty mType="element" mName="level">
         <mAttributes>
          <Attribute mName="id" mValue="ngfa00005" />
          <Attribute mName="depth" mValue="1" />
         </mAttributes>
        </StructureProperty>
        <ChannelProperty>
         <mMediaObjects />
        </ChannelProperty>
       </mProperties>
       <mChildren>
        <Node>
         <mProperties>
          <StructureProperty mType="element" mName="levelhd">
           <mAttributes>
            <Attribute mName="id" mValue="ngfa00006" />
            <Attribute mName="depth" mValue="1" />
           </mAttributes>
          </StructureProperty>
          <ChannelProperty>
           <mMediaObjects>
            <mMediaObject for="textChannel">
             <TextObject mValue="Section 1" />
            </mMediaObject>
            <mMediaObject for="audioChannel">
             <AudioObject src="aud000001.mp3" clipBegin="00:00:00.000" clipEnd="00:00:01.185" id="SMIL0000002aud" />
            </mMediaObject>
           </mMediaObjects>
          </ChannelProperty>
         </mProperties>
        </Node>
        <Node>
         <mProperties>
          <StructureProperty mType="element" mName="p">
           <mAttributes>
            <Attribute mName="id" mValue="ngfa00007" />
           </mAttributes>
          </StructureProperty>
          <ChannelProperty>
           <mMediaObjects />
          </ChannelProperty>
         </mProperties>
         <mChildren smilref="smil0001.smil#SMIL000003">
          <Node>
           <mProperties>
            <StructureProperty mType="text" />
            <ChannelsProperty>
             <mMediaObjects>
              <mMediaObject for="textChannel">
               <TextObject mValue="Paragraph with " />
              </mMediaObject>
              <mMediaObject for="audioChannel">
               <AudioObject src="aud000001.mp3" clipBegin="00:00:01.185" clipEnd="00:00:02.333" id="SMIL0000003aud" />
              </mMediaObject>
             </mMediaObjects>
            </ChannelsProperty>
           </mProperties>
          </Node>
          <Node>
           <mProperties>
            <StructureProperty mType="element" mName="em">
             <mAttributes>
              <Attribute mName="id" mValue="ngfa00008" />
             </mAttributes>
            </StructureProperty>
            <ChannelProperty>
             <mMediaObjects>
              <mMediaObject for="textChannel">
               <TextObject mValue="emphasis" />
              </mMediaObject>
              <mMediaObject for="audioChannel">
               <AudioObject src="aud000001.mp3" clipBegin="00:00:02.333" clipEnd="00:00:03.385" id="SMIL0000004aud" />
              </mMediaObject>
             </mMediaObjects>
            </ChannelProperty>
           </mProperties>
          </Node>
          <Node>
           <mProperties>
            <ChannelsProperty>
             <mMediaObjects>
              <mMediaObject for="audioChannel">
               <AudioObject src="aud000001.mp3" clipBegin="00:00:03.385" clipEnd="00:00:05.131" id="SMIL0000006aud" />
              </mMediaObject>
             </mMediaObjects>
            </ChannelsProperty>
           </mProperties>
           <mChildren>
            <Node>
             <mProperties>
              <StructureProperty mType="text" />
              <ChannelsProperty>
               <mMediaObjects>
                <mMediaObject for="textChannel">
                 <TextObject mValue=" and " />
                </mMediaObject>
               </mMediaObjects>
              </ChannelsProperty>
             </mProperties>
            </Node>
            <Node>
             <mProperties>
              <StructureProperty mType="element" mName="br">
               <mAttributes>
                <Attribute mName="id" mValue="ngfa00009" />
               </mAttributes>
              </StructureProperty>
              <ChannelProperty>
               <mMediaObjects />
              </ChannelProperty>
             </mProperties>
            </Node>
            <Node>
             <mProperties>
              <StructureProperty mType="text" />
              <ChannelsProperty>
               <mMediaObjects>
                <mMediaObject for="textChannel">
                 <TextObject mValue="pagebreak." />
                </mMediaObject>
               </mMediaObjects>
              </ChannelsProperty>
             </mProperties>
            </Node>
           </mChildren>
          </Node>
         </mChildren>
        </Node>
       </mChildren>
      </Node>
     </mChildren>
    </Node>
   </mChildren>
  </Node>
 </mRoot>
</Presentation>