<?xml version="1.0" encoding="UTF-8"?>
<!DOCTYPE dtbook PUBLIC 
  "-//NISO//DTD dtbook v1.1.0//EN"
  "http://www.loc.gov/nls/z3986/v100/dtbook110.dtd">
<dtbook >
  <head>
    <title>Sample DTB</title>
    <meta name="DocCreated" content="2006-01-31 10:53:53"/>
    <meta name="SoftwareVersion" content="Version: 0 - Build: 46"/>
    <meta name="lastsaved" content="2006-01-31 13:56:00"/>
  </head>
  <book lang="en" id="ngfa00001">
    <frontmatter id="ngfa00002">
      <doctitle id="ngfa00003" smilref="smil0000.smil#SMIL000001">Sample DTB</doctitle>
    </frontmatter>
    <bodymatter id="ngfa00004">
      <level depth="1" id="ngfa00005">
        <p id="ngfa00006" smilref="smil0001.smil#SMIL000002">Pre-heading paragraph</p>
        <levelhd depth="1" id="ngfa00007" smilref="smil0001.smil#SMIL000003">Section 1</levelhd>
        <p id="ngfa00008" smilref="smil0001.smil#SMIL000004">Post heading paragraph.</p>
        <table border="1" id="ngfa00009">
          <caption id="ngfa00010" smilref="smil0001.smil#SMIL000005">Various logarithms</caption>
          <tbody id="ngfa00011">
            <tr id="ngfa00012">
              <td rowspan="1" colspan="1" id="ngfa00013" smilref="smil0001.smil#SMIL000006">X</td>
              <td rowspan="1" colspan="1" id="ngfa00014" smilref="smil0001.smil#SMIL000007">log(X)</td>
              <td rowspan="1" colspan="1" id="ngfa00015" smilref="smil0001.smil#SMIL000008">ln(X)</td>
            </tr>
            <tr id="ngfa00016">
              <td rowspan="1" colspan="1" id="ngfa00017" smilref="smil0001.smil#SMIL000009">1</td>
              <td rowspan="1" colspan="1" id="ngfa00018" smilref="smil0001.smil#SMIL000010">0</td>
              <td rowspan="1" colspan="1" id="ngfa00019" smilref="smil0001.smil#SMIL000011">0</td>
            </tr>
            <tr id="ngfa00020">
              <td rowspan="1" colspan="1" id="ngfa00021" smilref="smil0001.smil#SMIL000012">2</td>
              <td rowspan="1" colspan="1" id="ngfa00022" smilref="smil0001.smil#SMIL000013">0.301</td>
              <td rowspan="1" colspan="1" id="ngfa00023" smilref="smil0001.smil#SMIL000014">0.693</td>
            </tr>
            <tr id="ngfa00024">
              <td rowspan="1" colspan="1" id="ngfa00025" smilref="smil0001.smil#SMIL000015">4</td>
              <td rowspan="1" colspan="1" id="ngfa00026" smilref="smil0001.smil#SMIL000016">0.602</td>
              <td rowspan="1" colspan="1" id="ngfa00027" smilref="smil0001.smil#SMIL000017">1.39</td>
            </tr>
            <tr id="ngfa00028">
              <td rowspan="1" colspan="1" id="ngfa00029" smilref="smil0001.smil#SMIL000018">8</td>
              <td rowspan="1" colspan="1" id="ngfa00030" smilref="smil0001.smil#SMIL000019">0.903</td>
              <td rowspan="1" colspan="1" id="ngfa00031" smilref="smil0001.smil#SMIL000020">2.08</td>
            </tr>
          </tbody>
        </table>
        <p id="ngfa00032" smilref="smil0001.smil#SMIL000021">Paragraph with <em id="ngfa00033" smilref="smil0001.smil#SMIL000022">emphasis</em> and <br id="ngfa00034"/>pagebreak.</p>
        <level depth="2" id="ngfa00035">
          <levelhd depth="2" id="ngfa00036" smilref="smil0002.smil#SMIL000025">Subsection 1.1</levelhd>
          <p id="ngfa00037" smilref="smil0002.smil#SMIL000026">Unordered list:</p>
          <list type="ul" id="ngfa00038">
            <li id="ngfa00039" smilref="smil0002.smil#SMIL000027">Red</li>
            <li id="ngfa00040" smilref="smil0002.smil#SMIL000028">Green</li>
            <li id="ngfa00041" smilref="smil0002.smil#SMIL000029">Blue</li>
          </list>
          <p id="ngfa00042" smilref="smil0002.smil#SMIL000030">Ordered list:</p>
          <list type="ol" id="ngfa00043">
            <li id="ngfa00044" smilref="smil0002.smil#SMIL000031">First</li>
            <li id="ngfa00045" smilref="smil0002.smil#SMIL000032">Second</li>
            <li id="ngfa00046" smilref="smil0002.smil#SMIL000033">Third</li>
          </list>
          <sidebar id="ngfa00047">
            <hd id="ngfa00048" smilref="smil0002.smil#SMIL000034">Deep list</hd>
            <p id="ngfa00049" smilref="smil0002.smil#SMIL000035">Lists can also have depth like in:</p>
            <list type="ul" id="ngfa00050">
              <li id="ngfa00051" smilref="smil0002.smil#SMIL000036">1<list type="ul" id="ngfa00052">
                  <li id="ngfa00053" smilref="smil0002.smil#SMIL000037">1.1</li>
                  <li id="ngfa00054" smilref="smil0002.smil#SMIL000038">1.2</li>
                </list>
              </li>
              <li id="ngfa00055" smilref="smil0002.smil#SMIL000039">2<list type="ul" id="ngfa00056">
                  <li id="ngfa00057" smilref="smil0002.smil#SMIL000040">2.1</li>
                  <li id="ngfa00058" smilref="smil0002.smil#SMIL000041">2.2</li>
                  <li id="ngfa00059" smilref="smil0002.smil#SMIL000042">2.3</li>
                </list>
              </li>
              <li id="ngfa00060" smilref="smil0002.smil#SMIL000043">3</li>
            </list>
          </sidebar>
        </level>
      </level>
      <level depth="1" id="ngfa00061">
        <levelhd depth="1" id="ngfa00062" smilref="smil0003.smil#SMIL000044">Section 2</levelhd>
        <p id="ngfa00063" smilref="smil0003.smil#SMIL000045">Single paragraph of <a href="new_shrruuqg" id="ngfa00064" smilref="smil0003.smil#SMIL000046">section 2</a>
        </p>
      </level>
      <level depth="1" id="ngfa00065">
        <levelhd depth="1" id="ngfa00066" smilref="smil0004.smil#SMIL000047">Section 3</levelhd>
        <level depth="2" id="ngfa00067">
          <levelhd depth="2" id="ngfa00068" smilref="smil0005.smil#SMIL000048">Subsection 3.1</levelhd>
          <imggroup id="ngfa00069">
            <caption imgref="c5gu88" id="ngfa00070" smilref="smil0005.smil#SMIL000049">Sunflower</caption>
            <img src="J0178459.JPG" alt="Sunflower" id="c5gu88" height="102" width="152"/>
            <prodnote class="imgprodnote" imgref="c5gu88" render="required" id="ngfa00071">
              <p id="ngfa00072" smilref="smil0005.smil#SMIL000050">A single sunflower in the foreground with several out-of-focus sunflowers behind it on a background of blue skye</p>
            </prodnote>
          </imggroup>
        </level>
      </level>
    </bodymatter>
  </book>
</dtbook>
