<?xml version="1.0" encoding="UTF-8"?>
<!DOCTYPE dtbook PUBLIC "-//NISO//DTD dtbook v1.1.0//EN" "dtbook110.dtd" >
<dtbook version="1.1.0">
 <head>
  <title>Sample DTB 2</title>
  <meta name="DocCreated" content="2006-01-31 10:53:53" />
  <meta name="SoftwareVersion" content="Version: 0 - Build: 46" />
  <meta name="lastsaved" content="2006-02-14 11:01:08" />
 </head>
 <book lang="en" id="ngfa00001">
  <frontmatter id="ngfa00002">
   <doctitle id="ngfa00003" smilref="smil0000.smil#SMIL000001">Sample DTB 2</doctitle>
  </frontmatter>
  <bodymatter id="ngfa00004">
   <level id="ngfa00005" depth="1">
    <levelhd id="ngfa00006" depth="1" smilref="smil0001.smil#SMIL000002">Section 1</levelhd>
    <p id="ngfa00007" smilref="smil0001.smil#SMIL000003">Paragraph with <em id="ngfa00008" smilref="smil0001.smil#SMIL000004">emphasis</em> and <br id="ngfa00009" />pagebreak.</p>
   </level>
  </bodymatter>
 </book>
</dtbook>