<?xml version="1.0" encoding="utf-8"?>
<!DOCTYPE urakawaProject
  PUBLIC "DOCTYPE_PUBLIC-URAKAWA" "DOCTYPE_SYSTEM-URAKAWA">
<urakawaProject>
<!--Daisy 3 (z3986) to flat XML, by Daniel WECK-->
<!--Generated: 2006-02-14T12:16:54.743+01:00-->
<metaData>
      <key name="bookTitle" value="Sample DTB 2"/>
      <key name="DocCreated" value="2006-01-31 10:53:53"/>
      <key name="SoftwareVersion" value="Version: 0 - Build: 46"/>
      <key name="lastsaved" value="2006-02-14 11:01:08"/>
      <key name="bookLanguage" value="en"/>
   </metaData>
   <coreTree>
      <node>
         <properties>
            <structure name="frontmatter"/>
            <medias/>
         </properties>
         <node>
            <properties>
               <structure name="doctitle"/>
               <medias>
                  <text channel="textFromDTBook" src="Sample DTB 2"/>
                  <audio channel="audioFromSMIL" src="aud000000.mp3" clipBegin="00:00:00.000"
                         clipEnd="00:00:01.906"/>
               </medias>
            </properties>
         </node>
      </node>
      <node>
         <properties>
            <structure name="bodymatter"/>
            <medias/>
         </properties>
         <node>
            <properties>
               <structure name="level" depth="1"/>
               <medias/>
            </properties>
            <node>
               <properties>
                  <structure name="levelhd" depth="1"/>
                  <medias>
                     <text channel="textFromDTBook" src="Section 1"/>
                     <audio channel="audioFromSMIL" src="aud000001.mp3" clipBegin="00:00:00.000"
                            clipEnd="00:00:01.185"/>
                  </medias>
               </properties>
            </node>
            <node>
               <properties>
                  <structure name="p"/>
               </properties>
               <node>
                  <properties>
                     <structure name="textMixedContent"/>
                     <medias>
                        <text channel="textFromDTBook" src="Paragraph with "/>
                        <sequence>
                           <audio channel="audioFromSMIL" src="aud000001.mp3" clipBegin="00:00:01.185"
                                  clipEnd="00:00:02.333"/>
                           <audio channel="audioFromSMIL" src="aud000001.mp3" clipBegin="00:00:03.385"
                                  clipEnd="00:00:04.005"/>
                           <audio channel="audioFromSMIL" src="aud000001.mp3" clipBegin="00:00:04.005"
                                  clipEnd="00:00:05.131"/>
                        </sequence>
                     </medias>
                  </properties>
               </node>
               <node>
                  <properties>
                     <structure name="em"/>
                     <medias>
                        <text channel="textFromDTBook" src="emphasis"/>
                        <audio channel="audioFromSMIL" src="aud000001.mp3" clipBegin="00:00:02.333"
                               clipEnd="00:00:03.385"/>
                     </medias>
                  </properties>
               </node>
               <node>
                  <properties>
                     <structure name="textMixedContent"/>
                     <medias>
                        <text channel="textFromDTBook" src=" and "/>
                     </medias>
                  </properties>
               </node>
               <node>
                  <properties>
                     <structure name="br"/>
                     <medias/>
                  </properties>
               </node>
               <node>
                  <properties>
                     <structure name="textMixedContent"/>
                     <medias>
                        <text channel="textFromDTBook" src="pagebreak."/>
                     </medias>
                  </properties>
               </node>
            </node>
         </node>
      </node>
   </coreTree>
</urakawaProject>