<?xml version="1.0"?>
<doc>
    <assembly>
        <name>DTBOOK2UrakawaInstance</name>
    </assembly>
    <members>
        <member name="T:DTBOOK2UrakawaInstance.MainClass">
            <summary>
            Summary description for Class1.
            </summary>
        </member>
        <member name="M:DTBOOK2UrakawaInstance.MainClass.Main(System.String[])">
            <summary>
            The main entry point for the application.
            </summary>
        </member>
        <member name="T:DTBOOK2UrakawaInstance.ProgressEventArgs">
            <summary>
            Event argument for progress events
            </summary>
        </member>
        <member name="F:DTBOOK2UrakawaInstance.ProgressEventArgs.Cancel">
            <summary>
            A <see cref="T:System.Boolean"/> indicating if the progress was cancelled during the event call
            </summary>
            <remarks>If one wants to cancel the process monitored by the event, 
            <see cref="F:DTBOOK2UrakawaInstance.ProgressEventArgs.Cancel"/> should be set to <c>true</c></remarks>
        </member>
        <member name="F:DTBOOK2UrakawaInstance.ProgressEventArgs.Message">
            <summary>
            The progress message 
            </summary>
        </member>
        <member name="M:DTBOOK2UrakawaInstance.ProgressEventArgs.#ctor(System.String)">
            <summary>
            Default constructor 
            </summary>
        </member>
        <member name="T:DTBOOK2UrakawaInstance.XmlInstanceGeneratorProgressEventDelegate">
            <summary>
            Delegate for progress events
            </summary>
        </member>
        <member name="T:DTBOOK2UrakawaInstance.XmlInstanceGenerator">
            <summary>
            Provides functionality for generating an Urakawa instance xml document based on a Z39.86 DTB.
            </summary>
            <remarks>
            Currently only full text Z39.86 DTBs are supported
            </remarks>
        </member>
        <member name="F:DTBOOK2UrakawaInstance.XmlInstanceGenerator.XSLT_PATH">
            <summary>
            The path of the XSLT doing the dtbook2InstanceXml transform
            </summary>
        </member>
        <member name="M:DTBOOK2UrakawaInstance.XmlInstanceGenerator.#ctor(System.String)">
            <summary>
            Public constructor creating a generator based on a single DTBOOK file
            </summary>
            <param name="dtbook">The path of the DTBOOK file</param>
        </member>
        <member name="M:DTBOOK2UrakawaInstance.XmlInstanceGenerator.ProcessNestedSmilrefNodes(System.Xml.XmlDocument)">
            <summary>
            Processes <c>Node</c>s with nested smilref attributes in instance document
            </summary>
            <param name="instanceDoc">The instance <see cref="T:System.Xml.XmlDocument"/></param>
        </member>
        <member name="M:DTBOOK2UrakawaInstance.XmlInstanceGenerator.GenerateInstanceXml(System.Boolean)">
            <summary>
            Generates the instance xml document
            </summary>
            <returns>The instance <see cref="T:System.Xml.XmlDocument"/></returns>
        </member>
        <member name="E:DTBOOK2UrakawaInstance.XmlInstanceGenerator.Progress">
            <summary>
            Event fired while generating the instance document, showing the progress of the generation
            </summary>
        </member>
        <member name="P:DTBOOK2UrakawaInstance.XmlInstanceGenerator.DTBOOKPath">
            <summary>
            The path of the dtbook file of the DTB
            </summary>
        </member>
        <member name="T:DTBOOK2UrakawaInstance.XslTransform">
            <summary>
            Summary description for XslTransform.
            </summary>
        </member>
    </members>
</doc>
